Handle,Title,Body (HTML),Vendor,Product Category,Type,Tags,Published,Option1 Name,Option1 Value,Variant SKU,Variant Grams,Variant Inventory Tracker,Variant Inventory Qty,Variant Inventory Policy,Variant Fulfillment Service,Variant Price,Variant Compare At Price,Variant Requires Shipping,Variant Taxable,Variant Weight Unit,Image Src,Image Position,Image Alt Text,Gift Card,SEO Title,SEO Description,Status,Metafield: custom.battery_percentage [number_integer],Metafield: custom.storage_gb [number_integer],Metafield: custom.condition [single_line_text_field],Metafield: custom.warranty_months [number_integer],Metafield: custom.badge_text [single_line_text_field]
iphone-air-512-zwart,iPhone Air 512GB zwart,"<p>Originele premium pre-owned iPhone: niet refurbished en geen onderdelen vervangen. 100% batterijcapaciteit en krasvrije staat, inclusief doos en oplaadkabel.</p>",iSelectStore,,iPhone,"iPhone, pre-owned",FALSE,Title,Default Title,iphone-air-512-zwart,0,shopify,1,deny,manual,789.00,899.00,TRUE,TRUE,kg,,,,FALSE,iPhone Air 512GB zwart kopen | iSelectStore,"Originele premium pre-owned iPhone: niet refurbished en geen onderdelen vervangen. 100% batterijcapaciteit en krasvrije staat, inclusief doos en oplaadkabe",draft,100,512,Krasvrij,12,100% batterij
iphone-air-256-wit,iPhone Air 256GB wit,"<p>Originele premium pre-owned iPhone Air. Krasvrije staat met hoge batterijconditie, compleet met doos.</p>",iSelectStore,,iPhone,"iPhone, pre-owned",FALSE,Title,Default Title,iphone-air-256-wit,0,shopify,1,deny,manual,699.00,799.00,TRUE,TRUE,kg,,,,FALSE,iPhone Air 256GB wit kopen | iSelectStore,"Originele premium pre-owned iPhone Air. Krasvrije staat met hoge batterijconditie, compleet met doos.",draft,97,256,Krasvrij,12,Krasvrij
iphone-air-128-blauw,iPhone Air 128GB blauw,"<p>Originele premium pre-owned iPhone Air. Licht gebruikte staat, enkele minieme gebruikssporen — zie fotoreportage.</p>",iSelectStore,,iPhone,"iPhone, pre-owned",FALSE,Title,Default Title,iphone-air-128-blauw,0,shopify,1,deny,manual,649.00,749.00,TRUE,TRUE,kg,,,,FALSE,iPhone Air 128GB blauw kopen | iSelectStore,"Originele premium pre-owned iPhone Air. Licht gebruikte staat, enkele minieme gebruikssporen — zie fotoreportage.",draft,93,128,Licht gebruikt,12,Premium pre-owned
iphone-16-pro-128-wit,iPhone 16 Pro 128GB wit,"<p>Originele premium pre-owned iPhone 16 Pro, niet refurbished. Krasvrije staat met 91% batterijcapaciteit.</p>",iSelectStore,,iPhone,"iPhone, pre-owned",FALSE,Title,Default Title,iphone-16-pro-128-wit,0,shopify,1,deny,manual,619.00,719.00,TRUE,TRUE,kg,,,,FALSE,iPhone 16 Pro 128GB wit kopen | iSelectStore,"Originele premium pre-owned iPhone 16 Pro, niet refurbished. Krasvrije staat met 91% batterijcapaciteit.",draft,91,128,Krasvrij,12,Krasvrij
iphone-16-pro-256-zwart,iPhone 16 Pro 256GB zwart titanium,<p>Originele premium pre-owned iPhone 16 Pro. Krasvrije staat met hoge batterijconditie.</p>,iSelectStore,,iPhone,"iPhone, pre-owned",FALSE,Title,Default Title,iphone-16-pro-256-zwart,0,shopify,1,deny,manual,719.00,819.00,TRUE,TRUE,kg,,,,FALSE,iPhone 16 Pro 256GB zwart titanium kopen | iSelectStore,Originele premium pre-owned iPhone 16 Pro. Krasvrije staat met hoge batterijconditie.,draft,96,256,Krasvrij,12,Hoge batterijconditie
iphone-16-pro-512-titanium,iPhone 16 Pro 512GB titanium,<p>Originele premium pre-owned iPhone 16 Pro met topopslag. Nagenoeg als nieuw met 99% batterijcapaciteit.</p>,iSelectStore,,iPhone,"iPhone, pre-owned",FALSE,Title,Default Title,iphone-16-pro-512-titanium,0,shopify,1,deny,manual,849.00,949.00,TRUE,TRUE,kg,,,,FALSE,iPhone 16 Pro 512GB titanium kopen | iSelectStore,Originele premium pre-owned iPhone 16 Pro met topopslag. Nagenoeg als nieuw met 99% batterijcapaciteit.,draft,99,512,Zeer nette staat,12,Hoge batterijconditie
iphone-15-pro-256-zwart,iPhone 15 Pro 256GB zwart,"<p>Originele premium pre-owned iPhone 15 Pro. Batterij op 18 januari 2026 origineel vervangen bij Apple (95%). Licht gebruikte staat, enkele krasjes op het glas.</p>",iSelectStore,,iPhone,"iPhone, pre-owned",FALSE,Title,Default Title,iphone-15-pro-256-zwart,0,shopify,1,deny,manual,579.00,679.00,TRUE,TRUE,kg,,,,FALSE,iPhone 15 Pro 256GB zwart kopen | iSelectStore,"Originele premium pre-owned iPhone 15 Pro. Batterij op 18 januari 2026 origineel vervangen bij Apple (95%). Licht gebruikte staat, enkele krasjes op het gl",draft,95,256,Licht gebruikt,12,Hoge batterijconditie
iphone-15-pro-128-zwart,iPhone 15 Pro 128GB zwart,"<p>Originele premium pre-owned iPhone 15 Pro, slechts 128 keer opgeladen. 98% batterijcapaciteit en zeer nette staat.</p>",iSelectStore,,iPhone,"iPhone, pre-owned",FALSE,Title,Default Title,iphone-15-pro-128-zwart,0,shopify,1,deny,manual,569.00,629.00,TRUE,TRUE,kg,,,,FALSE,iPhone 15 Pro 128GB zwart kopen | iSelectStore,"Originele premium pre-owned iPhone 15 Pro, slechts 128 keer opgeladen. 98% batterijcapaciteit en zeer nette staat.",draft,98,128,Zeer nette staat,12,Hoge batterijconditie
iphone-15-pro-256-wit,iPhone 15 Pro 256GB wit titanium,"<p>Originele premium pre-owned iPhone 15 Pro. Nette staat, transparant beoordeeld op batterijconditie en cosmetische staat.</p>",iSelectStore,,iPhone,"iPhone, pre-owned",FALSE,Title,Default Title,iphone-15-pro-256-wit,0,shopify,1,deny,manual,599.00,699.00,TRUE,TRUE,kg,,,,FALSE,iPhone 15 Pro 256GB wit titanium kopen | iSelectStore,"Originele premium pre-owned iPhone 15 Pro. Nette staat, transparant beoordeeld op batterijconditie en cosmetische staat.",draft,92,256,Licht gebruikt,12,Premium pre-owned
iphone-14-128-middernacht,iPhone 14 128GB middernacht,<p>Originele premium pre-owned iPhone 14. Instapper met scherpe prijs-kwaliteitverhouding en transparante batterijconditie.</p>,iSelectStore,,iPhone,"iPhone, pre-owned",FALSE,Title,Default Title,iphone-14-128-middernacht,0,shopify,1,deny,manual,429.00,499.00,TRUE,TRUE,kg,,,,FALSE,iPhone 14 128GB middernacht kopen | iSelectStore,Originele premium pre-owned iPhone 14. Instapper met scherpe prijs-kwaliteitverhouding en transparante batterijconditie.,draft,89,128,Licht gebruikt,12,Scherp geprijsd
iphone-14-256-sterrenlicht,iPhone 14 256GB sterrenlicht,<p>Originele premium pre-owned iPhone 14 met ruime opslag. Zeer nette staat en hoge batterijconditie.</p>,iSelectStore,,iPhone,"iPhone, pre-owned",FALSE,Title,Default Title,iphone-14-256-sterrenlicht,0,shopify,1,deny,manual,469.00,549.00,TRUE,TRUE,kg,,,,FALSE,iPhone 14 256GB sterrenlicht kopen | iSelectStore,Originele premium pre-owned iPhone 14 met ruime opslag. Zeer nette staat en hoge batterijconditie.,draft,94,256,Zeer nette staat,12,Hoge batterijconditie
iphone-13-128-roze,iPhone 13 128GB roze,"<p>Originele premium pre-owned iPhone 13. Betaalbare instapper, licht gebruikte staat met transparante batterijconditie.</p>",iSelectStore,,iPhone,"iPhone, pre-owned",FALSE,Title,Default Title,iphone-13-128-roze,0,shopify,1,deny,manual,349.00,419.00,TRUE,TRUE,kg,,,,FALSE,iPhone 13 128GB roze kopen | iSelectStore,"Originele premium pre-owned iPhone 13. Betaalbare instapper, licht gebruikte staat met transparante batterijconditie.",draft,87,128,Licht gebruikt,12,Scherp geprijsd
ipad-pro-11-256,"iPad Pro 11"" 256GB space grey","<p>Originele premium pre-owned iPad Pro. Compleet met doos, zeer nette staat en hoge batterijconditie.</p>",iSelectStore,,iPad,"iPad, pre-owned",FALSE,Title,Default Title,ipad-pro-11-256,0,shopify,1,deny,manual,649.00,749.00,TRUE,TRUE,kg,,,,FALSE,"iPad Pro 11"" 256GB space grey kopen | iSelectStore","Originele premium pre-owned iPad Pro. Compleet met doos, zeer nette staat en hoge batterijconditie.",draft,96,256,Zeer nette staat,12,Origineel Apple
ipad-air-64-blauw,iPad Air 64GB blauw,"<p>Originele premium pre-owned iPad Air. Krasvrije staat en compact formaat, ideaal als tweede tablet.</p>",iSelectStore,,iPad,"iPad, pre-owned",FALSE,Title,Default Title,ipad-air-64-blauw,0,shopify,1,deny,manual,429.00,499.00,TRUE,TRUE,kg,,,,FALSE,iPad Air 64GB blauw kopen | iSelectStore,"Originele premium pre-owned iPad Air. Krasvrije staat en compact formaat, ideaal als tweede tablet.",draft,94,64,Krasvrij,12,Krasvrij
ipad-mini-256,iPad mini 256GB space grey,"<p>Originele premium pre-owned iPad mini. Compact en krachtig, licht gebruikte staat met ruime opslag.</p>",iSelectStore,,iPad,"iPad, pre-owned",FALSE,Title,Default Title,ipad-mini-256,0,shopify,1,deny,manual,459.00,529.00,TRUE,TRUE,kg,,,,FALSE,iPad mini 256GB space grey kopen | iSelectStore,"Originele premium pre-owned iPad mini. Compact en krachtig, licht gebruikte staat met ruime opslag.",draft,90,256,Licht gebruikt,12,Premium pre-owned
macbook-air-m2-256,MacBook Air M2 256GB middernacht,"<p>Originele premium pre-owned MacBook Air M2. Nette staat met hoge accuconditie, inclusief oplader.</p>",iSelectStore,,MacBook,"MacBook, pre-owned",FALSE,Title,Default Title,macbook-air-m2-256,0,shopify,1,deny,manual,849.00,949.00,TRUE,TRUE,kg,,,,FALSE,MacBook Air M2 256GB middernacht kopen | iSelectStore,"Originele premium pre-owned MacBook Air M2. Nette staat met hoge accuconditie, inclusief oplader.",draft,92,256,Licht gebruikt,12,Origineel Apple
macbook-pro-m3-512,MacBook Pro M3 512GB space grey,"<p>Originele premium pre-owned MacBook Pro M3. Zeer nette staat, ideaal voor professioneel gebruik.</p>",iSelectStore,,MacBook,"MacBook, pre-owned",FALSE,Title,Default Title,macbook-pro-m3-512,0,shopify,1,deny,manual,1249.00,1399.00,TRUE,TRUE,kg,,,,FALSE,MacBook Pro M3 512GB space grey kopen | iSelectStore,"Originele premium pre-owned MacBook Pro M3. Zeer nette staat, ideaal voor professioneel gebruik.",draft,97,512,Zeer nette staat,12,Hoge batterijconditie
macbook-air-m1-256,MacBook Air M1 256GB zilver,<p>Originele premium pre-owned MacBook Air M1. Betrouwbare instapper met transparante accuconditie.</p>,iSelectStore,,MacBook,"MacBook, pre-owned",FALSE,Title,Default Title,macbook-air-m1-256,0,shopify,1,deny,manual,649.00,749.00,TRUE,TRUE,kg,,,,FALSE,MacBook Air M1 256GB zilver kopen | iSelectStore,Originele premium pre-owned MacBook Air M1. Betrouwbare instapper met transparante accuconditie.,draft,88,256,Licht gebruikt,12,Scherp geprijsd
apple-watch-s9-45,Apple Watch Series 9 45mm,<p>Originele premium pre-owned Apple Watch Series 9. Krasvrije staat met volledige batterijcapaciteit.</p>,iSelectStore,,Apple Watch,"Apple Watch, pre-owned",FALSE,Title,Default Title,apple-watch-s9-45,0,shopify,1,deny,manual,329.00,399.00,TRUE,TRUE,kg,,,,FALSE,Apple Watch Series 9 45mm kopen | iSelectStore,Originele premium pre-owned Apple Watch Series 9. Krasvrije staat met volledige batterijcapaciteit.,draft,100,64,Krasvrij,12,12 maanden garantie
apple-watch-se-40,Apple Watch SE 40mm,<p>Originele premium pre-owned Apple Watch SE. Instapper met zeer nette staat en scherpe prijs.</p>,iSelectStore,,Apple Watch,"Apple Watch, pre-owned",FALSE,Title,Default Title,apple-watch-se-40,0,shopify,1,deny,manual,199.00,249.00,TRUE,TRUE,kg,,,,FALSE,Apple Watch SE 40mm kopen | iSelectStore,Originele premium pre-owned Apple Watch SE. Instapper met zeer nette staat en scherpe prijs.,draft,95,32,Zeer nette staat,12,Scherp geprijsd
